{
  "exact_accuracy": 0.83,
  "precision": 0.6666666666666666,
  "recall": 0.38095238095238093,
  "f1_score": 0.48484848484848486,
  "within_1_accuracy": 0.7103825136612022,
  "within_2_accuracy": 0.8321513002364067,
  "within_3_accuracy": 0.8859060402684563,
  "within_5_accuracy": 0.975609756097561,
  "windowed_accuracy": 0.7619047619047619,
  "mean_distance": 0.6666666666666666,
  "median_distance": 0.0,
  "boundary_count_diff": 9,
  "boundary_precision": 1.0,
  "boundary_recall": 0.38095238095238093,
  "min_distance": "0",
  "max_distance": "4",
  "true_positive_rate": 0.38095238095238093,
  "false_positive_rate": 0.05063291139240506,
  "predicted_boundaries": "12",
  "actual_boundaries": "21",
  "confusion_matrix": {
    "tp": "8",
    "fp": "4",
    "tn": "75",
    "fn": "13"
  }
}