{
  "exact_accuracy": 0.9472060335961604,
  "precision": 0.8382559774964838,
  "recall": 0.9385826771653544,
  "f1_score": 0.8855869242199108,
  "within_1_accuracy": 0.9300401248328133,
  "within_2_accuracy": 0.9509757269523555,
  "within_3_accuracy": 0.9613668679588512,
  "within_5_accuracy": 0.9731416030391049,
  "windowed_accuracy": 0.9811023622047244,
  "mean_distance": 0.7412095639943741,
  "median_distance": 0.0,
  "boundary_count_diff": 76,
  "boundary_precision": 0.9578059071729957,
  "boundary_recall": 0.9464566929133859,
  "min_distance": "0",
  "max_distance": "27",
  "true_positive_rate": 0.9385826771653544,
  "false_positive_rate": 0.050394390885188434,
  "predicted_boundaries": "711",
  "actual_boundaries": "635",
  "confusion_matrix": {
    "tp": "596",
    "fp": "115",
    "tn": "2167",
    "fn": "39"
  }
}