{
  "exact_accuracy": 0.9090909090909091,
  "precision": 0.9375,
  "recall": 0.7142857142857143,
  "f1_score": 0.8108108108108109,
  "within_1_accuracy": 0.9208400646203555,
  "within_2_accuracy": 0.967741935483871,
  "within_3_accuracy": 0.967741935483871,
  "within_5_accuracy": 1.0,
  "windowed_accuracy": 1.0,
  "mean_distance": 0.25,
  "median_distance": 0.0,
  "boundary_count_diff": 5,
  "boundary_precision": 1.0,
  "boundary_recall": 0.7142857142857143,
  "min_distance": "0",
  "max_distance": "4",
  "true_positive_rate": 0.7142857142857143,
  "false_positive_rate": 0.017857142857142856,
  "predicted_boundaries": "16",
  "actual_boundaries": "21",
  "confusion_matrix": {
    "tp": "15",
    "fp": "1",
    "tn": "55",
    "fn": "6"
  }
}