{
  "exact_accuracy": 0.948051948051948,
  "precision": 0.9473684210526315,
  "recall": 0.8571428571428571,
  "f1_score": 0.9,
  "within_1_accuracy": 0.9498680738786279,
  "within_2_accuracy": 0.972972972972973,
  "within_3_accuracy": 0.972972972972973,
  "within_5_accuracy": 1.0,
  "windowed_accuracy": 1.0,
  "mean_distance": 0.21052631578947367,
  "median_distance": 0.0,
  "boundary_count_diff": 2,
  "boundary_precision": 1.0,
  "boundary_recall": 0.8571428571428571,
  "min_distance": "0",
  "max_distance": "4",
  "true_positive_rate": 0.8571428571428571,
  "false_positive_rate": 0.017857142857142856,
  "predicted_boundaries": "19",
  "actual_boundaries": "21",
  "confusion_matrix": {
    "tp": "18",
    "fp": "1",
    "tn": "55",
    "fn": "3"
  }
}