{
  "exact_accuracy": 0.77,
  "precision": 0.4722222222222222,
  "recall": 0.8095238095238095,
  "f1_score": 0.5964912280701754,
  "within_1_accuracy": 0.7843137254901961,
  "within_2_accuracy": 0.8571428571428571,
  "within_3_accuracy": 0.8750000000000001,
  "within_5_accuracy": 0.9253731343283582,
  "windowed_accuracy": 1.0,
  "mean_distance": 2.1666666666666665,
  "median_distance": 1.0,
  "boundary_count_diff": 15,
  "boundary_precision": 0.8611111111111112,
  "boundary_recall": 0.8095238095238095,
  "min_distance": "0",
  "max_distance": "11",
  "true_positive_rate": 0.8095238095238095,
  "false_positive_rate": 0.24050632911392406,
  "predicted_boundaries": "36",
  "actual_boundaries": "21",
  "confusion_matrix": {
    "tp": "17",
    "fp": "19",
    "tn": "60",
    "fn": "4"
  }
}