{
  "exact_accuracy": 0.8423037367158039,
  "precision": 0.9834254143646409,
  "recall": 0.2803149606299213,
  "f1_score": 0.4362745098039216,
  "within_1_accuracy": 0.563194160400214,
  "within_2_accuracy": 0.6362127135436191,
  "within_3_accuracy": 0.6880165289256198,
  "within_5_accuracy": 0.7573385518590998,
  "windowed_accuracy": 0.46771653543307085,
  "mean_distance": 0.03314917127071823,
  "median_distance": 0.0,
  "boundary_count_diff": 454,
  "boundary_precision": 1.0,
  "boundary_recall": 0.2803149606299213,
  "min_distance": "0",
  "max_distance": "3",
  "true_positive_rate": 0.2803149606299213,
  "false_positive_rate": 0.0013146362839614374,
  "predicted_boundaries": "181",
  "actual_boundaries": "635",
  "confusion_matrix": {
    "tp": "178",
    "fp": "3",
    "tn": "2279",
    "fn": "457"
  }
}