{
  "exact_accuracy": 0.8961038961038961,
  "precision": 0.8823529411764706,
  "recall": 0.7142857142857143,
  "f1_score": 0.7894736842105263,
  "within_1_accuracy": 0.8443708609271523,
  "within_2_accuracy": 0.9226100151745067,
  "within_3_accuracy": 0.9696969696969697,
  "within_5_accuracy": 1.0,
  "windowed_accuracy": 0.9047619047619048,
  "mean_distance": 0.35294117647058826,
  "median_distance": 0.0,
  "boundary_count_diff": 4,
  "boundary_precision": 1.0,
  "boundary_recall": 0.7142857142857143,
  "min_distance": "0",
  "max_distance": "4",
  "true_positive_rate": 0.7142857142857143,
  "false_positive_rate": 0.03571428571428571,
  "predicted_boundaries": "17",
  "actual_boundaries": "21",
  "confusion_matrix": {
    "tp": "15",
    "fp": "2",
    "tn": "54",
    "fn": "6"
  }
}